id,class_name_label,gender_label,ethnicity_label
02463d214_1.jpg,02463,M,White
02463d214_2.jpg,02463,M,White
02463d215_1.jpg,02463,M,White
02463d215_2.jpg,02463,M,White
02463d216_2.jpg,02463,M,White
02463d216_3.jpg,02463,M,White
02463d224_2.jpg,02463,M,White
02463d224_3.jpg,02463,M,White
02463d225_1.jpg,02463,M,White
02463d225_2.jpg,02463,M,White
02463d228_1.jpg,02463,M,White
02463d228_2.jpg,02463,M,White
02463d229_1.jpg,02463,M,White
04201d106_4.jpg,04201,M,White
04201d106_5.jpg,04201,M,White
04201d107_1.jpg,04201,M,White
04201d107_5.jpg,04201,M,White
04201d110_2.jpg,04201,M,White
04201d110_3.jpg,04201,M,White
04201d111_2.jpg,04201,M,White
04201d111_3.jpg,04201,M,White
04201d96_2.jpg,04201,M,White
04201d96_4.jpg,04201,M,White
04201d96_6.jpg,04201,M,White
04201d97_2.jpg,04201,M,White
04201d97_3.jpg,04201,M,White
04201d98_2.jpg,04201,M,White
04201d98_3.jpg,04201,M,White
04201d99_1.jpg,04201,M,White
04201d99_2.jpg,04201,M,White
04202d109_1.jpg,04202,F,Asian
04202d109_2.jpg,04202,F,Asian
04202d110_1.jpg,04202,F,Asian
04202d110_2.jpg,04202,F,Asian
04202d111_1.jpg,04202,F,Asian
04202d112_2.jpg,04202,F,Asian
04202d91_1.jpg,04202,F,Asian
04202d91_2.jpg,04202,F,Asian
04202d92_2.jpg,04202,F,Asian
04202d92_4.jpg,04202,F,Asian
04202d95_1.jpg,04202,F,Asian
04202d95_2.jpg,04202,F,Asian
04202d96_1.jpg,04202,F,Asian
04202d96_2.jpg,04202,F,Asian
04203d92_1.jpg,04203,M,Asian
04203d92_2.jpg,04203,M,Asian
04203d93_2.jpg,04203,M,Asian
04203d93_3.jpg,04203,M,Asian
04203d96_1.jpg,04203,M,Asian
04203d96_4.jpg,04203,M,Asian
04203d97_1.jpg,04203,M,Asian
04203d97_2.jpg,04203,M,Asian
04203d97_4.jpg,04203,M,Asian
04207d100_1.jpg,04207,M,White
04207d100_2.jpg,04207,M,White
04207d101_1.jpg,04207,M,White
04207d101_2.jpg,04207,M,White
04207d104_1.jpg,04207,M,White
04207d104_2.jpg,04207,M,White
04207d105_1.jpg,04207,M,White
04207d105_2.jpg,04207,M,White
04207d108_1.jpg,04207,M,White
04207d108_2.jpg,04207,M,White
04207d109_1.jpg,04207,M,White
04207d109_2.jpg,04207,M,White
04207d110_1.jpg,04207,M,White
04207d110_2.jpg,04207,M,White
04207d110_3.jpg,04207,M,White
04207d111_1.jpg,04207,M,White
04207d111_2.jpg,04207,M,White
04207d82_1.jpg,04207,M,White
04207d82_2.jpg,04207,M,White
04207d83_1.jpg,04207,M,White
04207d83_2.jpg,04207,M,White
04207d86_1.jpg,04207,M,White
04207d86_2.jpg,04207,M,White
04207d87_1.jpg,04207,M,White
04207d87_2.jpg,04207,M,White
04207d96_1.jpg,04207,M,White
04207d96_2.jpg,04207,M,White
04207d97_1.jpg,04207,M,White
04207d97_2.jpg,04207,M,White
04207d98_2.jpg,04207,M,White
04207d98_3.jpg,04207,M,White
04207d99_1.jpg,04207,M,White
04207d99_2.jpg,04207,M,White
04211d102_2.jpg,04211,M,White
04211d102_4.jpg,04211,M,White
04211d103_1.jpg,04211,M,White
04211d104_2.jpg,04211,M,White
04211d104_3.jpg,04211,M,White
04211d105_1.jpg,04211,M,White
04211d112_1.jpg,04211,M,White
04211d112_3.jpg,04211,M,White
04211d112_4.jpg,04211,M,White
04211d113_1.jpg,04211,M,White
04211d113_2.jpg,04211,M,White
04211d116_1.jpg,04211,M,White
04211d116_2.jpg,04211,M,White
04211d117_2.jpg,04211,M,White
04211d117_3.jpg,04211,M,White
04211d88_1.jpg,04211,M,White
04211d88_2.jpg,04211,M,White
04211d89_1.jpg,04211,M,White
04211d89_3.jpg,04211,M,White
04211d92_1.jpg,04211,M,White
04211d92_2.jpg,04211,M,White
04211d93_1.jpg,04211,M,White
04211d93_2.jpg,04211,M,White
04212d106_1.jpg,04212,M,White
04212d106_2.jpg,04212,M,White
04212d107_2.jpg,04212,M,White
04212d107_4.jpg,04212,M,White
04212d110_1.jpg,04212,M,White
04212d110_2.jpg,04212,M,White
04212d111_2.jpg,04212,M,White
04212d96_4.jpg,04212,M,White
04212d96_5.jpg,04212,M,White
04212d97_1.jpg,04212,M,White
04212d97_4.jpg,04212,M,White
04212d98_2.jpg,04212,M,White
04212d99_1.jpg,04212,M,White
04213d70_1.jpg,04213,F,White
04213d70_2.jpg,04213,F,White
04213d71_2.jpg,04213,F,White
04213d71_3.jpg,04213,F,White
04213d74_1.jpg,04213,F,White
04213d74_2.jpg,04213,F,White
04213d75_1.jpg,04213,F,White
04213d75_2.jpg,04213,F,White
04213d78_1.jpg,04213,F,White
04213d78_4.jpg,04213,F,White
04213d79_1.jpg,04213,F,White
04213d79_2.jpg,04213,F,White
04213d79_5.jpg,04213,F,White
04213d80_1.jpg,04213,F,White
04213d80_2.jpg,04213,F,White
04213d81_1.jpg,04213,F,White
04213d81_2.jpg,04213,F,White
04213d82_1.jpg,04213,F,White
04213d82_4.jpg,04213,F,White
04213d83_2.jpg,04213,F,White
04213d83_4.jpg,04213,F,White
04213d86_1.jpg,04213,F,White
04213d86_2.jpg,04213,F,White
04213d87_1.jpg,04213,F,White
04213d87_2.jpg,04213,F,White
04217d102_2.jpg,04217,F,Asian
04217d102_3.jpg,04217,F,Asian
04217d103_3.jpg,04217,F,Asian
04217d103_5.jpg,04217,F,Asian
04217d104_3.jpg,04217,F,Asian
04217d104_4.jpg,04217,F,Asian
04217d105_1.jpg,04217,F,Asian
04217d105_3.jpg,04217,F,Asian
04217d112_3.jpg,04217,F,Asian
04217d112_4.jpg,04217,F,Asian
04217d113_1.jpg,04217,F,Asian
04217d113_2.jpg,04217,F,Asian
04217d116_1.jpg,04217,F,Asian
04217d116_2.jpg,04217,F,Asian
04217d117_1.jpg,04217,F,Asian
04217d117_2.jpg,04217,F,Asian
04219d102_3.jpg,04219,M,Asian
04219d102_4.jpg,04219,M,Asian
04219d103_2.jpg,04219,M,Asian
04219d103_3.jpg,04219,M,Asian
04219d104_2.jpg,04219,M,Asian
04219d104_3.jpg,04219,M,Asian
04219d105_2.jpg,04219,M,Asian
04219d105_3.jpg,04219,M,Asian
04219d112_1.jpg,04219,M,Asian
04219d112_2.jpg,04219,M,Asian
04219d113_1.jpg,04219,M,Asian
04219d113_2.jpg,04219,M,Asian
04219d116_2.jpg,04219,M,Asian
04219d116_3.jpg,04219,M,Asian
04219d117_2.jpg,04219,M,Asian
04219d117_3.jpg,04219,M,Asian
04221d114_1.jpg,04221,F,Asian
04221d114_2.jpg,04221,F,Asian
04221d115_1.jpg,04221,F,Asian
04221d115_2.jpg,04221,F,Asian
04221d116_1.jpg,04221,F,Asian
04221d116_2.jpg,04221,F,Asian
04221d117_2.jpg,04221,F,Asian
04221d117_3.jpg,04221,F,Asian
04222d102_3.jpg,04222,M,Asian
04222d102_4.jpg,04222,M,Asian
04222d103_1.jpg,04222,M,Asian
04222d103_3.jpg,04222,M,Asian
04222d104_3.jpg,04222,M,Asian
04222d104_4.jpg,04222,M,Asian
04222d105_2.jpg,04222,M,Asian
04222d105_3.jpg,04222,M,Asian
04222d82_1.jpg,04222,M,Asian
04222d82_5.jpg,04222,M,Asian
04222d83_2.jpg,04222,M,Asian
04222d83_4.jpg,04222,M,Asian
04222d86_1.jpg,04222,M,Asian
04222d86_2.jpg,04222,M,Asian
04222d87_4.jpg,04222,M,Asian
04226d114_1.jpg,04226,F,Asian
04226d114_2.jpg,04226,F,Asian
04226d115_1.jpg,04226,F,Asian
04226d115_2.jpg,04226,F,Asian
04226d116_1.jpg,04226,F,Asian
04226d116_2.jpg,04226,F,Asian
04226d117_1.jpg,04226,F,Asian
04226d117_2.jpg,04226,F,Asian
04227d102_1.jpg,04227,M,Asian
04227d102_2.jpg,04227,M,Asian
04227d102_4.jpg,04227,M,Asian
04227d103_1.jpg,04227,M,Asian
04227d106_1.jpg,04227,M,Asian
04227d107_1.jpg,04227,M,Asian
04227d107_2.jpg,04227,M,Asian
04227d90_1.jpg,04227,M,Asian
04227d90_3.jpg,04227,M,Asian
04227d91_1.jpg,04227,M,Asian
04227d91_3.jpg,04227,M,Asian
04227d92_1.jpg,04227,M,Asian
04227d92_2.jpg,04227,M,Asian
04227d93_1.jpg,04227,M,Asian
04227d93_2.jpg,04227,M,Asian
04227d93_3.jpg,04227,M,Asian
04227d93_4.jpg,04227,M,Asian
04228d108_1.jpg,04228,F,Asian
04228d108_2.jpg,04228,F,Asian
04228d109_1.jpg,04228,F,Asian
04228d109_2.jpg,04228,F,Asian
04228d112_1.jpg,04228,F,Asian
04228d112_2.jpg,04228,F,Asian
04228d113_1.jpg,04228,F,Asian
04228d113_2.jpg,04228,F,Asian
04229d108_1.jpg,04229,M,Asian
04229d108_2.jpg,04229,M,Asian
04229d109_1.jpg,04229,M,Asian
04229d109_4.jpg,04229,M,Asian
04229d112_1.jpg,04229,M,Asian
04229d112_3.jpg,04229,M,Asian
04229d112_4.jpg,04229,M,Asian
04229d113_1.jpg,04229,M,Asian
04229d113_2.jpg,04229,M,Asian
04229d113_3.jpg,04229,M,Asian
04233d72_3.jpg,04233,M,White
04233d72_4.jpg,04233,M,White
04233d72_5.jpg,04233,M,White
04233d73_1.jpg,04233,M,White
04233d73_2.jpg,04233,M,White
04233d73_3.jpg,04233,M,White
04233d73_4.jpg,04233,M,White
04233d82_2.jpg,04233,M,White
04233d82_3.jpg,04233,M,White
04233d82_4.jpg,04233,M,White
04239d70_1.jpg,04239,M,White
04239d70_2.jpg,04239,M,White
04239d71_1.jpg,04239,M,White
04239d71_2.jpg,04239,M,White
04239d74_1.jpg,04239,M,White
04239d74_2.jpg,04239,M,White
04239d75_1.jpg,04239,M,White
04239d75_2.jpg,04239,M,White
04239d84_1.jpg,04239,M,White
04239d84_2.jpg,04239,M,White
04239d85_1.jpg,04239,M,White
04239d85_2.jpg,04239,M,White
04239d86_1.jpg,04239,M,White
04239d86_2.jpg,04239,M,White
04239d87_1.jpg,04239,M,White
04239d87_3.jpg,04239,M,White
04239d87_4.jpg,04239,M,White
04243d78_1.jpg,04243,M,Hispanic
04243d78_2.jpg,04243,M,Hispanic
04243d79_1.jpg,04243,M,Hispanic
04243d79_2.jpg,04243,M,Hispanic
04243d80_1.jpg,04243,M,Hispanic
04243d80_2.jpg,04243,M,Hispanic
04243d81_1.jpg,04243,M,Hispanic
04243d81_2.jpg,04243,M,Hispanic
04243d88_1.jpg,04243,M,Hispanic
04243d88_2.jpg,04243,M,Hispanic
04243d89_1.jpg,04243,M,Hispanic
04243d89_2.jpg,04243,M,Hispanic
04243d93_1.jpg,04243,M,Hispanic
04243d93_2.jpg,04243,M,Hispanic
04252d46_1.jpg,04252,M,White
04252d46_2.jpg,04252,M,White
04252d47_1.jpg,04252,M,White
04252d47_5.jpg,04252,M,White
04252d50_3.jpg,04252,M,White
04252d51_1.jpg,04252,M,White
04252d51_3.jpg,04252,M,White
04252d54_2.jpg,04252,M,White
04252d54_3.jpg,04252,M,White
04252d55_1.jpg,04252,M,White
04252d55_2.jpg,04252,M,White
04252d58_1.jpg,04252,M,White
04252d58_2.jpg,04252,M,White
04252d58_3.jpg,04252,M,White
04252d59_1.jpg,04252,M,White
04252d59_2.jpg,04252,M,White
04252d62_3.jpg,04252,M,White
04252d63_2.jpg,04252,M,White
04256d84_1.jpg,04256,M,White
04256d84_2.jpg,04256,M,White
04256d85_1.jpg,04256,M,White
04256d85_3.jpg,04256,M,White
04256d88_2.jpg,04256,M,White
04256d88_3.jpg,04256,M,White
04256d89_3.jpg,04256,M,White
04256d89_5.jpg,04256,M,White
04261d60_1.jpg,04261,M,White
04261d60_2.jpg,04261,M,White
04261d61_2.jpg,04261,M,White
04261d61_3.jpg,04261,M,White
04261d64_1.jpg,04261,M,White
04261d64_2.jpg,04261,M,White
04261d65_1.jpg,04261,M,White
04261d65_2.jpg,04261,M,White
04261d74_3.jpg,04261,M,White
04261d74_4.jpg,04261,M,White
04261d75_2.jpg,04261,M,White
04261d75_3.jpg,04261,M,White
04261d76_1.jpg,04261,M,White
04261d77_1.jpg,04261,M,White
04265d100_1.jpg,04265,F,White
04265d100_2.jpg,04265,F,White
04265d101_1.jpg,04265,F,White
04265d101_2.jpg,04265,F,White
04265d66_1.jpg,04265,F,White
04265d66_2.jpg,04265,F,White
04265d67_1.jpg,04265,F,White
04265d67_3.jpg,04265,F,White
04265d70_1.jpg,04265,F,White
04265d70_2.jpg,04265,F,White
04265d71_1.jpg,04265,F,White
04265d71_2.jpg,04265,F,White
04265d80_3.jpg,04265,F,White
04265d80_4.jpg,04265,F,White
04265d81_1.jpg,04265,F,White
04265d81_3.jpg,04265,F,White
04265d82_1.jpg,04265,F,White
04265d82_2.jpg,04265,F,White
04265d83_1.jpg,04265,F,White
04265d83_2.jpg,04265,F,White
04265d84_2.jpg,04265,F,White
04265d84_4.jpg,04265,F,White
04265d85_1.jpg,04265,F,White
04265d85_2.jpg,04265,F,White
04265d88_2.jpg,04265,F,White
04265d88_3.jpg,04265,F,White
04265d89_2.jpg,04265,F,White
04265d89_3.jpg,04265,F,White
04265d92_2.jpg,04265,F,White
04265d92_3.jpg,04265,F,White
04265d93_1.jpg,04265,F,White
04265d93_2.jpg,04265,F,White
04265d94_1.jpg,04265,F,White
04265d94_2.jpg,04265,F,White
04265d94_3.jpg,04265,F,White
04265d95_1.jpg,04265,F,White
04265d95_2.jpg,04265,F,White
04265d96_1.jpg,04265,F,White
04265d96_3.jpg,04265,F,White
04265d97_2.jpg,04265,F,White
04265d97_4.jpg,04265,F,White
04273d56_3.jpg,04273,M,White
04273d56_5.jpg,04273,M,White
04273d57_1.jpg,04273,M,White
04273d57_3.jpg,04273,M,White
04273d58_2.jpg,04273,M,White
04273d58_3.jpg,04273,M,White
04273d59_1.jpg,04273,M,White
04273d59_3.jpg,04273,M,White
04273d68_1.jpg,04273,M,White
04273d68_2.jpg,04273,M,White
04273d69_1.jpg,04273,M,White
04273d69_2.jpg,04273,M,White
04273d72_3.jpg,04273,M,White
04273d72_4.jpg,04273,M,White
04273d73_3.jpg,04273,M,White
04273d73_4.jpg,04273,M,White
04273d73_5.jpg,04273,M,White
04274d44_2.jpg,04274,M,White
04274d44_3.jpg,04274,M,White
04274d45_1.jpg,04274,M,White
04274d45_2.jpg,04274,M,White
04274d45_3.jpg,04274,M,White
04274d45_4.jpg,04274,M,White
04279d30_4.jpg,04279,F,White
04279d30_5.jpg,04279,F,White
04279d31_1.jpg,04279,F,White
04279d31_2.jpg,04279,F,White
04279d35_1.jpg,04279,F,White
04279d35_2.jpg,04279,F,White
04279d44_1.jpg,04279,F,White
04279d44_2.jpg,04279,F,White
04279d45_1.jpg,04279,F,White
04279d45_2.jpg,04279,F,White
04279d46_1.jpg,04279,F,White
04279d46_2.jpg,04279,F,White
04279d47_1.jpg,04279,F,White
04279d47_2.jpg,04279,F,White
04279d54_1.jpg,04279,F,White
04279d54_2.jpg,04279,F,White
04279d55_1.jpg,04279,F,White
04279d59_3.jpg,04279,F,White
04279d59_4.jpg,04279,F,White
04282d24_3.jpg,04282,F,Hispanic
04282d24_4.jpg,04282,F,Hispanic
04282d25_1.jpg,04282,F,Hispanic
04282d25_2.jpg,04282,F,Hispanic
04282d26_1.jpg,04282,F,Hispanic
04282d26_2.jpg,04282,F,Hispanic
04282d27_1.jpg,04282,F,Hispanic
04282d27_2.jpg,04282,F,Hispanic
04282d28_1.jpg,04282,F,Hispanic
04282d28_4.jpg,04282,F,Hispanic
04282d29_1.jpg,04282,F,Hispanic
04282d29_2.jpg,04282,F,Hispanic
04282d32_1.jpg,04282,F,Hispanic
04282d32_2.jpg,04282,F,Hispanic
04282d33_3.jpg,04282,F,Hispanic
04282d36_1.jpg,04282,F,Hispanic
04282d36_2.jpg,04282,F,Hispanic
04282d36_4.jpg,04282,F,Hispanic
04282d37_1.jpg,04282,F,Hispanic
04282d37_2.jpg,04282,F,Hispanic
04282d38_1.jpg,04282,F,Hispanic
04282d38_2.jpg,04282,F,Hispanic
04282d39_1.jpg,04282,F,Hispanic
04282d39_2.jpg,04282,F,Hispanic
04286d06_3.jpg,04286,M,Hispanic
04286d06_4.jpg,04286,M,Hispanic
04286d07_3.jpg,04286,M,Hispanic
04286d07_4.jpg,04286,M,Hispanic
04286d08_2.jpg,04286,M,Hispanic
04286d09_2.jpg,04286,M,Hispanic
04286d10_2.jpg,04286,M,Hispanic
04286d10_5.jpg,04286,M,Hispanic
04286d11_3.jpg,04286,M,Hispanic
04286d11_4.jpg,04286,M,Hispanic
04286d14_2.jpg,04286,M,Hispanic
04286d15_2.jpg,04286,M,Hispanic
04288d18_3.jpg,04288,M,Hispanic
04288d18_4.jpg,04288,M,Hispanic
04288d19_4.jpg,04288,M,Hispanic
04288d19_6.jpg,04288,M,Hispanic
04288d22_3.jpg,04288,M,Hispanic
04288d22_4.jpg,04288,M,Hispanic
04288d23_2.jpg,04288,M,Hispanic
04288d23_3.jpg,04288,M,Hispanic
04288d23_4.jpg,04288,M,Hispanic
04288d32_1.jpg,04288,M,Hispanic
04288d32_4.jpg,04288,M,Hispanic
04288d33_2.jpg,04288,M,Hispanic
04288d33_5.jpg,04288,M,Hispanic
04288d34_1.jpg,04288,M,Hispanic
04288d34_2.jpg,04288,M,Hispanic
04288d35_1.jpg,04288,M,Hispanic
04288d35_2.jpg,04288,M,Hispanic
04288d36_4.jpg,04288,M,Hispanic
04288d36_5.jpg,04288,M,Hispanic
04288d37_2.jpg,04288,M,Hispanic
04288d37_3.jpg,04288,M,Hispanic
04288d40_3.jpg,04288,M,Hispanic
04288d40_4.jpg,04288,M,Hispanic
04288d41_2.jpg,04288,M,Hispanic
04288d41_3.jpg,04288,M,Hispanic
04295d24_1.jpg,04295,M,White
04295d24_4.jpg,04295,M,White
04295d25_1.jpg,04295,M,White
04295d25_2.jpg,04295,M,White
04295d28_2.jpg,04295,M,White
04295d28_3.jpg,04295,M,White
04295d29_1.jpg,04295,M,White
04295d29_2.jpg,04295,M,White
04295d32_1.jpg,04295,M,White
04295d32_2.jpg,04295,M,White
04295d33_1.jpg,04295,M,White
04295d33_2.jpg,04295,M,White
04295d36_1.jpg,04295,M,White
04295d36_2.jpg,04295,M,White
04295d36_5.jpg,04295,M,White
04295d37_1.jpg,04295,M,White
04295d37_3.jpg,04295,M,White
04295d44_1.jpg,04295,M,White
04295d44_2.jpg,04295,M,White
04295d44_3.jpg,04295,M,White
04295d45_1.jpg,04295,M,White
04295d45_2.jpg,04295,M,White
04295d48_1.jpg,04295,M,White
04295d48_2.jpg,04295,M,White
04295d49_1.jpg,04295,M,White
04295d49_2.jpg,04295,M,White
04295d52_3.jpg,04295,M,White
04295d53_1.jpg,04295,M,White
04295d53_2.jpg,04295,M,White
04297d02_4.jpg,04297,M,White
04297d02_5.jpg,04297,M,White
04297d03_1.jpg,04297,M,White
04297d03_5.jpg,04297,M,White
04297d12_4.jpg,04297,M,White
04297d13_4.jpg,04297,M,White
04297d16_2.jpg,04297,M,White
04297d17_2.jpg,04297,M,White
04297d17_3.jpg,04297,M,White
04297d26_1.jpg,04297,M,White
04297d26_2.jpg,04297,M,White
04297d27_1.jpg,04297,M,White
04297d27_2.jpg,04297,M,White
04297d28_1.jpg,04297,M,White
04297d28_2.jpg,04297,M,White
04297d28_3.jpg,04297,M,White
04297d29_1.jpg,04297,M,White
04297d29_3.jpg,04297,M,White
04299d18_4.jpg,04299,M,White
04299d18_6.jpg,04299,M,White
04299d19_2.jpg,04299,M,White
04299d19_4.jpg,04299,M,White
04299d32_3.jpg,04299,M,White
04299d32_4.jpg,04299,M,White
04299d32_5.jpg,04299,M,White
04299d33_2.jpg,04299,M,White
04299d33_5.jpg,04299,M,White
04299d34_3.jpg,04299,M,White
04299d36_1.jpg,04299,M,White
04299d36_4.jpg,04299,M,White
04299d36_5.jpg,04299,M,White
04299d37_4.jpg,04299,M,White
04300d24_1.jpg,04300,M,White
04300d24_2.jpg,04300,M,White
04300d25_2.jpg,04300,M,White
04300d25_3.jpg,04300,M,White
04300d26_3.jpg,04300,M,White
04300d27_1.jpg,04300,M,White
04300d27_2.jpg,04300,M,White
04300d28_1.jpg,04300,M,White
04300d28_2.jpg,04300,M,White
04300d29_1.jpg,04300,M,White
04300d29_6.jpg,04300,M,White
04300d32_2.jpg,04300,M,White
04300d32_3.jpg,04300,M,White
04300d33_1.jpg,04300,M,White
04300d33_2.jpg,04300,M,White
04300d36_1.jpg,04300,M,White
04300d36_2.jpg,04300,M,White
04300d37_1.jpg,04300,M,White
04300d37_2.jpg,04300,M,White
04300d38_2.jpg,04300,M,White
04300d38_3.jpg,04300,M,White
04300d39_2.jpg,04300,M,White
04300d39_3.jpg,04300,M,White
04301d06_1.jpg,04301,M,White
04301d06_2.jpg,04301,M,White
04301d07_1.jpg,04301,M,White
04301d07_2.jpg,04301,M,White
04302d06_4.jpg,04302,M,White
04302d06_5.jpg,04302,M,White
04302d07_2.jpg,04302,M,White
04302d07_3.jpg,04302,M,White
04302d07_5.jpg,04302,M,White
04302d10_3.jpg,04302,M,White
04302d14_1.jpg,04302,M,White
04302d14_4.jpg,04302,M,White
04302d15_1.jpg,04302,M,White
04302d15_2.jpg,04302,M,White
04302d16_1.jpg,04302,M,White
04302d16_2.jpg,04302,M,White
04302d17_1.jpg,04302,M,White
04302d17_2.jpg,04302,M,White
04302d18_2.jpg,04302,M,White
04302d18_3.jpg,04302,M,White
04302d19_1.jpg,04302,M,White
04302d19_2.jpg,04302,M,White
04305d44_4.jpg,04305,F,Asian
04305d44_5.jpg,04305,F,Asian
04305d45_2.jpg,04305,F,Asian
04305d45_4.jpg,04305,F,Asian
04305d46_2.jpg,04305,F,Asian
04305d46_3.jpg,04305,F,Asian
04305d47_2.jpg,04305,F,Asian
04305d47_3.jpg,04305,F,Asian
04308d00_1.jpg,04308,M,White
04308d00_2.jpg,04308,M,White
04308d01_1.jpg,04308,M,White
04308d01_2.jpg,04308,M,White
04308d04_1.jpg,04308,M,White
04308d04_2.jpg,04308,M,White
04308d05_1.jpg,04308,M,White
04308d05_2.jpg,04308,M,White
04309d09_3.jpg,04309,F,White
04309d09_4.jpg,04309,F,White
04309d10_2.jpg,04309,F,White
04309d10_3.jpg,04309,F,White
04309d11_2.jpg,04309,F,White
04309d11_3.jpg,04309,F,White
04309d12_2.jpg,04309,F,White
04309d12_3.jpg,04309,F,White
04309d13_2.jpg,04309,F,White
04309d13_4.jpg,04309,F,White
04309d16_1.jpg,04309,F,White
04309d16_2.jpg,04309,F,White
04309d17_1.jpg,04309,F,White
04309d17_3.jpg,04309,F,White
04309d20_1.jpg,04309,F,White
04309d20_2.jpg,04309,F,White
04309d21_2.jpg,04309,F,White
04309d21_3.jpg,04309,F,White
04309d22_2.jpg,04309,F,White
04309d22_4.jpg,04309,F,White
04309d23_1.jpg,04309,F,White
04309d23_2.jpg,04309,F,White
04311d00_3.jpg,04311,M,Asian
04311d00_5.jpg,04311,M,Asian
04311d01_1.jpg,04311,M,Asian
04311d01_2.jpg,04311,M,Asian
04311d04_1.jpg,04311,M,Asian
04311d04_3.jpg,04311,M,Asian
04311d05_2.jpg,04311,M,Asian
04311d05_3.jpg,04311,M,Asian
04311d18_1.jpg,04311,M,Asian
04311d18_5.jpg,04311,M,Asian
04311d19_1.jpg,04311,M,Asian
04311d19_2.jpg,04311,M,Asian
04312d06_4.jpg,04312,M,White
04312d06_5.jpg,04312,M,White
04312d07_5.jpg,04312,M,White
04312d07_6.jpg,04312,M,White
04312d14_3.jpg,04312,M,White
04312d14_4.jpg,04312,M,White
04312d14_5.jpg,04312,M,White
04312d15_1.jpg,04312,M,White
04312d18_2.jpg,04312,M,White
04312d18_3.jpg,04312,M,White
04312d19_2.jpg,04312,M,White
04312d19_5.jpg,04312,M,White
04312d30_1.jpg,04312,M,White
04312d30_2.jpg,04312,M,White
04312d31_1.jpg,04312,M,White
04312d31_2.jpg,04312,M,White
04312d32_2.jpg,04312,M,White
04312d33_1.jpg,04312,M,White
04315d18_1.jpg,04315,M,White
04315d18_3.jpg,04315,M,White
04315d19_1.jpg,04315,M,White
04315d19_3.jpg,04315,M,White
04315d22_1.jpg,04315,M,White
04315d22_2.jpg,04315,M,White
04315d23_1.jpg,04315,M,White
04315d23_2.jpg,04315,M,White
04315d26_3.jpg,04315,M,White
04315d26_4.jpg,04315,M,White
04315d27_1.jpg,04315,M,White
04315d27_2.jpg,04315,M,White
04315d28_1.jpg,04315,M,White
04315d28_2.jpg,04315,M,White
04315d29_3.jpg,04315,M,White
04315d34_2.jpg,04315,M,White
04315d34_3.jpg,04315,M,White
04315d35_1.jpg,04315,M,White
04315d35_2.jpg,04315,M,White
04315d39_1.jpg,04315,M,White
04315d39_3.jpg,04315,M,White
04316d08_1.jpg,04316,F,White
04316d08_2.jpg,04316,F,White
04316d09_4.jpg,04316,F,White
04316d09_5.jpg,04316,F,White
04316d18_2.jpg,04316,F,White
04316d18_4.jpg,04316,F,White
04316d19_2.jpg,04316,F,White
04316d19_4.jpg,04316,F,White
04316d22_2.jpg,04316,F,White
04316d22_3.jpg,04316,F,White
04316d23_3.jpg,04316,F,White
04316d23_5.jpg,04316,F,White
04319d35_3.jpg,04319,M,Asian
04319d35_4.jpg,04319,M,Asian
04319d35_5.jpg,04319,M,Asian
04319d36_1.jpg,04319,M,Asian
04319d36_2.jpg,04319,M,Asian
04319d38_1.jpg,04319,M,Asian
04319d38_2.jpg,04319,M,Asian
04319d39_1.jpg,04319,M,Asian
04319d40_2.jpg,04319,M,Asian
04319d40_4.jpg,04319,M,Asian
04319d51_2.jpg,04319,M,Asian
04319d51_3.jpg,04319,M,Asian
04319d52_2.jpg,04319,M,Asian
04320d06_1.jpg,04320,F,Asian
04320d06_4.jpg,04320,F,Asian
04320d07_3.jpg,04320,F,Asian
04320d07_4.jpg,04320,F,Asian
04320d10_1.jpg,04320,F,Asian
04320d10_2.jpg,04320,F,Asian
04320d11_1.jpg,04320,F,Asian
04320d11_2.jpg,04320,F,Asian
04320d20_1.jpg,04320,F,Asian
04320d20_2.jpg,04320,F,Asian
04320d21_1.jpg,04320,F,Asian
04320d21_4.jpg,04320,F,Asian
04322d26_2.jpg,04322,M,Asian
04322d26_3.jpg,04322,M,Asian
04322d27_2.jpg,04322,M,Asian
04322d27_3.jpg,04322,M,Asian
04322d28_1.jpg,04322,M,Asian
04322d28_2.jpg,04322,M,Asian
04322d29_1.jpg,04322,M,Asian
04322d29_2.jpg,04322,M,Asian
04322d34_1.jpg,04322,M,Asian
04322d34_2.jpg,04322,M,Asian
04322d35_1.jpg,04322,M,Asian
04322d35_2.jpg,04322,M,Asian
04322d42_2.jpg,04322,M,Asian
04322d42_3.jpg,04322,M,Asian
04322d43_1.jpg,04322,M,Asian
04322d43_2.jpg,04322,M,Asian
04322d43_3.jpg,04322,M,Asian
04322d44_2.jpg,04322,M,Asian
04322d44_3.jpg,04322,M,Asian
04322d45_1.jpg,04322,M,Asian
04322d45_2.jpg,04322,M,Asian
04322d46_1.jpg,04322,M,Asian
04322d46_2.jpg,04322,M,Asian
04322d47_1.jpg,04322,M,Asian
04322d47_2.jpg,04322,M,Asian
04322d50_1.jpg,04322,M,Asian
04322d54_3.jpg,04322,M,Asian
04322d54_4.jpg,04322,M,Asian
04322d55_1.jpg,04322,M,Asian
04322d56_2.jpg,04322,M,Asian
04322d57_1.jpg,04322,M,Asian
04323d02_1.jpg,04323,F,White
04323d02_4.jpg,04323,F,White
04323d03_1.jpg,04323,F,White
04323d03_2.jpg,04323,F,White
04323d04_1.jpg,04323,F,White
04323d04_2.jpg,04323,F,White
04324d18_2.jpg,04324,M,White
04324d18_3.jpg,04324,M,White
04324d19_1.jpg,04324,M,White
04324d19_2.jpg,04324,M,White
04324d22_1.jpg,04324,M,White
04324d22_2.jpg,04324,M,White
04324d23_1.jpg,04324,M,White
04324d23_2.jpg,04324,M,White
04324d32_3.jpg,04324,M,White
04324d32_4.jpg,04324,M,White
04324d33_1.jpg,04324,M,White
04324d33_2.jpg,04324,M,White
04324d34_1.jpg,04324,M,White
04324d34_2.jpg,04324,M,White
04324d35_1.jpg,04324,M,White
04324d35_2.jpg,04324,M,White
04324d42_3.jpg,04324,M,White
04324d42_4.jpg,04324,M,White
04324d43_1.jpg,04324,M,White
04324d43_2.jpg,04324,M,White
04324d47_3.jpg,04324,M,White
04326d23_2.jpg,04326,M,Hispanic
04326d23_3.jpg,04326,M,Hispanic
04326d24_1.jpg,04326,M,Hispanic
04326d24_3.jpg,04326,M,Hispanic
04326d27_2.jpg,04326,M,Hispanic
04326d27_3.jpg,04326,M,Hispanic
04326d28_3.jpg,04326,M,Hispanic
04326d28_4.jpg,04326,M,Hispanic
04326d31_2.jpg,04326,M,Hispanic
04326d31_3.jpg,04326,M,Hispanic
04326d32_1.jpg,04326,M,Hispanic
04326d32_2.jpg,04326,M,Hispanic
04326d35_2.jpg,04326,M,Hispanic
04326d35_3.jpg,04326,M,Hispanic
04326d36_1.jpg,04326,M,Hispanic
04326d36_2.jpg,04326,M,Hispanic
04326d44_1.jpg,04326,M,Hispanic
04326d44_2.jpg,04326,M,Hispanic
04326d45_1.jpg,04326,M,Hispanic
04326d45_2.jpg,04326,M,Hispanic
04326d45_4.jpg,04326,M,Hispanic
04326d52_2.jpg,04326,M,Hispanic
04326d52_3.jpg,04326,M,Hispanic
04326d53_2.jpg,04326,M,Hispanic
04326d53_5.jpg,04326,M,Hispanic
04326d54_4.jpg,04326,M,Hispanic
04326d55_2.jpg,04326,M,Hispanic
04326d55_3.jpg,04326,M,Hispanic
04327d18_2.jpg,04327,F,White
04327d18_3.jpg,04327,F,White
04327d19_1.jpg,04327,F,White
04327d19_3.jpg,04327,F,White
04331d06_4.jpg,04331,M,White
04331d06_5.jpg,04331,M,White
04331d07_1.jpg,04331,M,White
04331d07_2.jpg,04331,M,White
04334d02_3.jpg,04334,F,Asian
04334d03_3.jpg,04334,F,Asian
04334d04_4.jpg,04334,F,Asian
04334d05_2.jpg,04334,F,Asian
04334d05_3.jpg,04334,F,Asian
04334d16_1.jpg,04334,F,Asian
04334d16_2.jpg,04334,F,Asian
04334d17_1.jpg,04334,F,Asian
04334d17_2.jpg,04334,F,Asian
04334d20_2.jpg,04334,F,Asian
04334d20_3.jpg,04334,F,Asian
04334d21_1.jpg,04334,F,Asian
04334d21_2.jpg,04334,F,Asian
04334d21_3.jpg,04334,F,Asian
04335d46_2.jpg,04335,F,Asian
04335d46_4.jpg,04335,F,Asian
04335d47_2.jpg,04335,F,Asian
04335d47_3.jpg,04335,F,Asian
04335d51_2.jpg,04335,F,Asian
04335d54_1.jpg,04335,F,Asian
04335d54_3.jpg,04335,F,Asian
04335d55_1.jpg,04335,F,Asian
04335d55_2.jpg,04335,F,Asian
04336d02_3.jpg,04336,F,White
04336d02_4.jpg,04336,F,White
04336d03_4.jpg,04336,F,White
04336d12_2.jpg,04336,F,White
04336d12_3.jpg,04336,F,White
04336d13_2.jpg,04336,F,White
04336d13_3.jpg,04336,F,White
04336d13_4.jpg,04336,F,White
04336d16_1.jpg,04336,F,White
04336d16_2.jpg,04336,F,White
04336d17_1.jpg,04336,F,White
04336d17_2.jpg,04336,F,White
04337d18_1.jpg,04337,M,White
04337d18_2.jpg,04337,M,White
04337d19_2.jpg,04337,M,White
04337d19_4.jpg,04337,M,White
04337d40_1.jpg,04337,M,White
04337d40_2.jpg,04337,M,White
04337d41_1.jpg,04337,M,White
04337d41_2.jpg,04337,M,White
04337d42_1.jpg,04337,M,White
04337d42_3.jpg,04337,M,White
04337d43_1.jpg,04337,M,White
04339d08_4.jpg,04339,F,White
04339d08_5.jpg,04339,F,White
04339d09_2.jpg,04339,F,White
04339d09_3.jpg,04339,F,White
04339d26_1.jpg,04339,F,White
04339d26_2.jpg,04339,F,White
04339d27_1.jpg,04339,F,White
04339d27_2.jpg,04339,F,White
04339d30_2.jpg,04339,F,White
04339d30_3.jpg,04339,F,White
04339d31_2.jpg,04339,F,White
04341d03_1.jpg,04341,F,White
04341d03_2.jpg,04341,F,White
04341d14_4.jpg,04341,F,White
04341d14_5.jpg,04341,F,White
04341d15_1.jpg,04341,F,White
04341d15_2.jpg,04341,F,White
04343d20_2.jpg,04343,M,White
04343d20_5.jpg,04343,M,White
04343d21_3.jpg,04343,M,White
04343d21_5.jpg,04343,M,White
04343d30_1.jpg,04343,M,White
04343d30_2.jpg,04343,M,White
04343d31_3.jpg,04343,M,White
04343d31_4.jpg,04343,M,White
04344d00_2.jpg,04344,M,White
04344d00_3.jpg,04344,M,White
04344d01_2.jpg,04344,M,White
04344d14_3.jpg,04344,M,White
04344d14_4.jpg,04344,M,White
04344d15_2.jpg,04344,M,White
04344d15_4.jpg,04344,M,White
04347d00_1.jpg,04347,F,White
04347d00_4.jpg,04347,F,White
04347d14_1.jpg,04347,F,White
04347d14_2.jpg,04347,F,White
04347d15_1.jpg,04347,F,White
04347d15_2.jpg,04347,F,White
04347d16_3.jpg,04347,F,White
04349d20_4.jpg,04349,M,White
04349d20_5.jpg,04349,M,White
04349d21_2.jpg,04349,M,White
04349d21_3.jpg,04349,M,White
04349d22_2.jpg,04349,M,White
04349d22_3.jpg,04349,M,White
04349d30_1.jpg,04349,M,White
04349d30_2.jpg,04349,M,White
04349d31_1.jpg,04349,M,White
04349d31_2.jpg,04349,M,White
04349d34_2.jpg,04349,M,White
04349d34_4.jpg,04349,M,White
04349d35_3.jpg,04349,M,White
04349d44_3.jpg,04349,M,White
04349d44_4.jpg,04349,M,White
04349d45_1.jpg,04349,M,White
04349d45_2.jpg,04349,M,White
04349d46_2.jpg,04349,M,White
04349d46_3.jpg,04349,M,White
04349d47_1.jpg,04349,M,White
04349d47_2.jpg,04349,M,White
04350d14_1.jpg,04350,M,Asian
04350d14_3.jpg,04350,M,Asian
04350d15_1.jpg,04350,M,Asian
04350d15_2.jpg,04350,M,Asian
04350d16_3.jpg,04350,M,Asian
04350d17_2.jpg,04350,M,Asian
04350d17_3.jpg,04350,M,Asian
04350d30_1.jpg,04350,M,Asian
04350d30_2.jpg,04350,M,Asian
04350d31_1.jpg,04350,M,Asian
04350d31_2.jpg,04350,M,Asian
04352d08_1.jpg,04352,F,White
04352d08_2.jpg,04352,F,White
04352d09_2.jpg,04352,F,White
04352d09_3.jpg,04352,F,White
04358d44_1.jpg,04358,F,Asian
04358d44_2.jpg,04358,F,Asian
04358d45_1.jpg,04358,F,Asian
04358d45_2.jpg,04358,F,Asian
04360d00_3.jpg,04360,F,Asian
04360d00_4.jpg,04360,F,Asian
04360d01_5.jpg,04360,F,Asian
04360d01_6.jpg,04360,F,Asian
04360d05_2.jpg,04360,F,Asian
04360d14_1.jpg,04360,F,Asian
04360d14_2.jpg,04360,F,Asian
04360d15_3.jpg,04360,F,Asian
04360d15_4.jpg,04360,F,Asian
04361d14_1.jpg,04361,M,White
04361d14_4.jpg,04361,M,White
04361d15_3.jpg,04361,M,White
04361d16_3.jpg,04361,M,White
04361d16_5.jpg,04361,M,White
04361d17_3.jpg,04361,M,White
04361d17_5.jpg,04361,M,White
04361d22_2.jpg,04361,M,White
04361d22_3.jpg,04361,M,White
04361d23_1.jpg,04361,M,White
04361d23_2.jpg,04361,M,White
04365d24_6.jpg,04365,M,Asian
04365d24_7.jpg,04365,M,Asian
04365d25_2.jpg,04365,M,Asian
04365d25_3.jpg,04365,M,Asian
04365d45_1.jpg,04365,M,Asian
04365d45_2.jpg,04365,M,Asian
04365d54_3.jpg,04365,M,Asian
04365d55_3.jpg,04365,M,Asian
04365d55_5.jpg,04365,M,Asian
04366d08_4.jpg,04366,F,White
04366d08_5.jpg,04366,F,White
04366d09_1.jpg,04366,F,White
04366d09_2.jpg,04366,F,White
04366d18_3.jpg,04366,F,White
04366d18_4.jpg,04366,F,White
04366d19_2.jpg,04366,F,White
04366d19_4.jpg,04366,F,White
04366d26_3.jpg,04366,F,White
04366d26_4.jpg,04366,F,White
04366d27_1.jpg,04366,F,White
04366d27_2.jpg,04366,F,White
04367d15_5.jpg,04367,F,White
04367d15_6.jpg,04367,F,White
04367d18_3.jpg,04367,F,White
04367d18_4.jpg,04367,F,White
04367d19_2.jpg,04367,F,White
04367d19_5.jpg,04367,F,White
04367d26_4.jpg,04367,F,White
04367d27_3.jpg,04367,F,White
04367d27_4.jpg,04367,F,White
04367d28_1.jpg,04367,F,White
04367d28_2.jpg,04367,F,White
04367d29_2.jpg,04367,F,White
04367d29_3.jpg,04367,F,White
04367d30_1.jpg,04367,F,White
04367d30_2.jpg,04367,F,White
04367d31_3.jpg,04367,F,White
04367d31_5.jpg,04367,F,White
04368d24_1.jpg,04368,M,Asian
04368d25_1.jpg,04368,M,Asian
04368d28_3.jpg,04368,M,Asian
04368d28_4.jpg,04368,M,Asian
04368d29_2.jpg,04368,M,Asian
04368d29_3.jpg,04368,M,Asian
04368d36_1.jpg,04368,M,Asian
04368d36_2.jpg,04368,M,Asian
04368d37_1.jpg,04368,M,Asian
04368d37_2.jpg,04368,M,Asian
04369d00_2.jpg,04369,M,White
04369d00_4.jpg,04369,M,White
04369d01_1.jpg,04369,M,White
04369d01_3.jpg,04369,M,White
04369d04_1.jpg,04369,M,White
04369d04_2.jpg,04369,M,White
04369d05_3.jpg,04369,M,White
04369d15_1.jpg,04369,M,White
04369d15_3.jpg,04369,M,White
04370d00_1.jpg,04370,M,White
04370d00_4.jpg,04370,M,White
04370d01_1.jpg,04370,M,White
04370d01_3.jpg,04370,M,White
04370d08_1.jpg,04370,M,White
04370d08_2.jpg,04370,M,White
04370d09_1.jpg,04370,M,White
04370d09_2.jpg,04370,M,White
04370d10_1.jpg,04370,M,White
04370d10_2.jpg,04370,M,White
04370d11_1.jpg,04370,M,White
04370d11_2.jpg,04370,M,White
04370d20_1.jpg,04370,M,White
04370d20_5.jpg,04370,M,White
04370d21_1.jpg,04370,M,White
04370d21_2.jpg,04370,M,White
04370d24_2.jpg,04370,M,White
04370d25_1.jpg,04370,M,White
04370d25_2.jpg,04370,M,White
04371d08_3.jpg,04371,F,White
04371d08_4.jpg,04371,F,White
04371d09_4.jpg,04371,F,White
04371d09_5.jpg,04371,F,White
04371d11_2.jpg,04371,F,White
04371d11_4.jpg,04371,F,White
04371d18_3.jpg,04371,F,White
04371d18_4.jpg,04371,F,White
04371d19_1.jpg,04371,F,White
04371d19_2.jpg,04371,F,White
04371d22_3.jpg,04371,F,White
04371d22_4.jpg,04371,F,White
04371d23_2.jpg,04371,F,White
04371d23_3.jpg,04371,F,White
04371d26_1.jpg,04371,F,White
04371d26_4.jpg,04371,F,White
04371d27_3.jpg,04371,F,White
04371d30_1.jpg,04371,F,White
04371d30_3.jpg,04371,F,White
04371d31_1.jpg,04371,F,White
04371d31_2.jpg,04371,F,White
04371d38_1.jpg,04371,F,White
04371d38_2.jpg,04371,F,White
04371d39_1.jpg,04371,F,White
04371d39_2.jpg,04371,F,White
04371d40_3.jpg,04371,F,White
04371d40_4.jpg,04371,F,White
04371d41_3.jpg,04371,F,White
04371d41_4.jpg,04371,F,White
04372d06_1.jpg,04372,F,White
04372d06_2.jpg,04372,F,White
04372d07_1.jpg,04372,F,White
04372d07_2.jpg,04372,F,White
04372d09_1.jpg,04372,F,White
04372d09_2.jpg,04372,F,White
04374d08_2.jpg,04374,M,White
04374d08_3.jpg,04374,M,White
04374d08_4.jpg,04374,M,White
04374d09_4.jpg,04374,M,White
04374d10_2.jpg,04374,M,White
04374d10_3.jpg,04374,M,White
04374d11_1.jpg,04374,M,White
04374d11_2.jpg,04374,M,White
04374d18_2.jpg,04374,M,White
04374d18_3.jpg,04374,M,White
04374d19_1.jpg,04374,M,White
04376d08_2.jpg,04376,F,White
04376d08_4.jpg,04376,F,White
04376d09_1.jpg,04376,F,White
04376d09_2.jpg,04376,F,White
04376d10_1.jpg,04376,F,White
04376d10_2.jpg,04376,F,White
04376d18_1.jpg,04376,F,White
04376d18_3.jpg,04376,F,White
04379d20_6.jpg,04379,F,White
04379d20_7.jpg,04379,F,White
04379d21_3.jpg,04379,F,White
04379d21_4.jpg,04379,F,White
04379d22_4.jpg,04379,F,White
04379d22_5.jpg,04379,F,White
04379d23_2.jpg,04379,F,White
04379d30_1.jpg,04379,F,White
04379d30_2.jpg,04379,F,White
04379d31_1.jpg,04379,F,White
04379d31_3.jpg,04379,F,White
04379d34_2.jpg,04379,F,White
04379d34_4.jpg,04379,F,White
04379d35_2.jpg,04379,F,White
04379d35_4.jpg,04379,F,White
04380d20_3.jpg,04380,M,White
04380d20_5.jpg,04380,M,White
04380d21_3.jpg,04380,M,White
04380d21_4.jpg,04380,M,White
04380d22_2.jpg,04380,M,White
04380d22_3.jpg,04380,M,White
04380d23_3.jpg,04380,M,White
04380d30_2.jpg,04380,M,White
04380d30_5.jpg,04380,M,White
04380d31_1.jpg,04380,M,White
04380d31_2.jpg,04380,M,White
04380d34_3.jpg,04380,M,White
04380d34_4.jpg,04380,M,White
04380d35_1.jpg,04380,M,White
04380d35_2.jpg,04380,M,White
04381d18_1.jpg,04381,M,White
04381d18_2.jpg,04381,M,White
04381d19_1.jpg,04381,M,White
04381d19_2.jpg,04381,M,White
04381d19_3.jpg,04381,M,White
04381d22_1.jpg,04381,M,White
04381d22_2.jpg,04381,M,White
04381d22_3.jpg,04381,M,White
04381d23_1.jpg,04381,M,White
04381d23_2.jpg,04381,M,White
04381d26_4.jpg,04381,M,White
04381d26_5.jpg,04381,M,White
04381d27_3.jpg,04381,M,White
04381d27_4.jpg,04381,M,White
04381d30_1.jpg,04381,M,White
04381d30_2.jpg,04381,M,White
04381d31_2.jpg,04381,M,White
04381d31_3.jpg,04381,M,White
04381d38_5.jpg,04381,M,White
04381d38_6.jpg,04381,M,White
04381d39_1.jpg,04381,M,White
04381d39_3.jpg,04381,M,White
04381d39_5.jpg,04381,M,White
04381d39_6.jpg,04381,M,White
04381d42_1.jpg,04381,M,White
04381d42_2.jpg,04381,M,White
04381d42_6.jpg,04381,M,White
04381d43_4.jpg,04381,M,White
04381d43_5.jpg,04381,M,White
04382d02_2.jpg,04382,M,White
04382d02_3.jpg,04382,M,White
04382d03_1.jpg,04382,M,White
04382d03_3.jpg,04382,M,White
04382d06_1.jpg,04382,M,White
04382d06_2.jpg,04382,M,White
04382d07_1.jpg,04382,M,White
04382d07_2.jpg,04382,M,White
04385d20_2.jpg,04385,F,White
04385d20_3.jpg,04385,F,White
04385d21_2.jpg,04385,F,White
04385d21_3.jpg,04385,F,White
04385d23_1.jpg,04385,F,White
04385d23_2.jpg,04385,F,White
04385d36_1.jpg,04385,F,White
04385d36_2.jpg,04385,F,White
04385d37_1.jpg,04385,F,White
04385d37_2.jpg,04385,F,White
04385d41_1.jpg,04385,F,White
04385d50_4.jpg,04385,F,White
04385d50_5.jpg,04385,F,White
04385d51_1.jpg,04385,F,White
04385d51_2.jpg,04385,F,White
04385d52_1.jpg,04385,F,White
04385d52_2.jpg,04385,F,White
04385d53_1.jpg,04385,F,White
04385d53_2.jpg,04385,F,White
04386d14_3.jpg,04386,F,White
04386d14_4.jpg,04386,F,White
04386d15_6.jpg,04386,F,White
04386d15_7.jpg,04386,F,White
04386d15_8.jpg,04386,F,White
04386d16_1.jpg,04386,F,White
04386d22_1.jpg,04386,F,White
04386d22_2.jpg,04386,F,White
04386d23_2.jpg,04386,F,White
04386d23_4.jpg,04386,F,White
04386d27_3.jpg,04386,F,White
04386d27_4.jpg,04386,F,White
04387d30_1.jpg,04387,M,Asian
04387d30_2.jpg,04387,M,Asian
04387d31_2.jpg,04387,M,Asian
04387d31_3.jpg,04387,M,Asian
04387d34_1.jpg,04387,M,Asian
04387d34_2.jpg,04387,M,Asian
04387d35_1.jpg,04387,M,Asian
04387d35_2.jpg,04387,M,Asian
04387d44_4.jpg,04387,M,Asian
04387d44_5.jpg,04387,M,Asian
04387d45_1.jpg,04387,M,Asian
04387d45_2.jpg,04387,M,Asian
04388d04_1.jpg,04388,M,Asian
04388d04_4.jpg,04388,M,Asian
04388d05_3.jpg,04388,M,Asian
04388d05_5.jpg,04388,M,Asian
04392d20_1.jpg,04392,M,Hispanic
04392d20_2.jpg,04392,M,Hispanic
04392d21_1.jpg,04392,M,Hispanic
04392d21_2.jpg,04392,M,Hispanic
04392d22_1.jpg,04392,M,Hispanic
04392d22_2.jpg,04392,M,Hispanic
04392d23_1.jpg,04392,M,Hispanic
04392d23_2.jpg,04392,M,Hispanic
04392d34_1.jpg,04392,M,Hispanic
04392d34_3.jpg,04392,M,Hispanic
04392d35_1.jpg,04392,M,Hispanic
04392d35_2.jpg,04392,M,Hispanic
04394d20_1.jpg,04394,F,White
04394d20_2.jpg,04394,F,White
04394d21_1.jpg,04394,F,White
04394d21_2.jpg,04394,F,White
04394d30_2.jpg,04394,F,White
04394d30_3.jpg,04394,F,White
04394d31_1.jpg,04394,F,White
04394d31_3.jpg,04394,F,White
04395d00_3.jpg,04395,M,Asian
04395d00_4.jpg,04395,M,Asian
04395d01_1.jpg,04395,M,Asian
04395d01_2.jpg,04395,M,Asian
04395d04_2.jpg,04395,M,Asian
04395d05_1.jpg,04395,M,Asian
04395d05_2.jpg,04395,M,Asian
04395d08_2.jpg,04395,M,Asian
04395d08_3.jpg,04395,M,Asian
04395d09_1.jpg,04395,M,Asian
04395d09_2.jpg,04395,M,Asian
04395d11_2.jpg,04395,M,Asian
04395d12_3.jpg,04395,M,Asian
04395d12_4.jpg,04395,M,Asian
04395d13_1.jpg,04395,M,Asian
04395d13_2.jpg,04395,M,Asian
04395d28_1.jpg,04395,M,Asian
04395d28_2.jpg,04395,M,Asian
04395d29_2.jpg,04395,M,Asian
04397d44_2.jpg,04397,F,White
04397d44_3.jpg,04397,F,White
04397d45_2.jpg,04397,F,White
04397d47_2.jpg,04397,F,White
04397d54_1.jpg,04397,F,White
04397d54_5.jpg,04397,F,White
04397d55_4.jpg,04397,F,White
04400d30_1.jpg,04400,M,Asian
04400d30_2.jpg,04400,M,Asian
04400d31_1.jpg,04400,M,Asian
04400d31_2.jpg,04400,M,Asian
04400d31_6.jpg,04400,M,Asian
04400d44_1.jpg,04400,M,Asian
04400d44_2.jpg,04400,M,Asian
04400d45_1.jpg,04400,M,Asian
04400d45_3.jpg,04400,M,Asian
04400d46_2.jpg,04400,M,Asian
04400d47_1.jpg,04400,M,Asian
04400d47_2.jpg,04400,M,Asian
04402d44_2.jpg,04402,F,White
04402d44_6.jpg,04402,F,White
04402d45_2.jpg,04402,F,White
04402d45_3.jpg,04402,F,White
04402d58_1.jpg,04402,F,White
04402d58_2.jpg,04402,F,White
04402d59_1.jpg,04402,F,White
04402d59_2.jpg,04402,F,White
04403d18_2.jpg,04403,F,White
04403d18_4.jpg,04403,F,White
04403d19_2.jpg,04403,F,White
04403d19_3.jpg,04403,F,White
04404d06_1.jpg,04404,F,White
04404d06_2.jpg,04404,F,White
04404d07_1.jpg,04404,F,White
04404d07_3.jpg,04404,F,White
04404d14_3.jpg,04404,F,White
04404d14_4.jpg,04404,F,White
04404d15_4.jpg,04404,F,White
04404d15_5.jpg,04404,F,White
04404d18_1.jpg,04404,F,White
04404d18_2.jpg,04404,F,White
04404d19_1.jpg,04404,F,White
04404d19_4.jpg,04404,F,White
04407d00_1.jpg,04407,M,White
04407d00_2.jpg,04407,M,White
04407d01_4.jpg,04407,M,White
04407d05_3.jpg,04407,M,White
04407d14_1.jpg,04407,M,White
04407d14_2.jpg,04407,M,White
04407d15_1.jpg,04407,M,White
04407d15_2.jpg,04407,M,White
04407d24_1.jpg,04407,M,White
04407d24_4.jpg,04407,M,White
04407d25_1.jpg,04407,M,White
04407d25_4.jpg,04407,M,White
04408d10_1.jpg,04408,F,White
04408d10_3.jpg,04408,F,White
04408d11_1.jpg,04408,F,White
04408d11_2.jpg,04408,F,White
04409d08_3.jpg,04409,F,White
04409d08_4.jpg,04409,F,White
04409d09_3.jpg,04409,F,White
04409d09_4.jpg,04409,F,White
04409d18_2.jpg,04409,F,White
04409d18_4.jpg,04409,F,White
04409d19_7.jpg,04409,F,White
04409d23_2.jpg,04409,F,White
04409d26_1.jpg,04409,F,White
04409d26_4.jpg,04409,F,White
04409d27_1.jpg,04409,F,White
04409d27_4.jpg,04409,F,White
04409d30_1.jpg,04409,F,White
04409d30_2.jpg,04409,F,White
04409d31_2.jpg,04409,F,White
04409d31_4.jpg,04409,F,White
04410d07_1.jpg,04410,M,White
04410d07_5.jpg,04410,M,White
04410d08_4.jpg,04410,M,White
04410d08_5.jpg,04410,M,White
04411d02_2.jpg,04411,M,White
04411d02_5.jpg,04411,M,White
04411d03_1.jpg,04411,M,White
04411d03_2.jpg,04411,M,White
04411d06_2.jpg,04411,M,White
04411d06_3.jpg,04411,M,White
04411d07_2.jpg,04411,M,White
04411d07_4.jpg,04411,M,White
04411d14_1.jpg,04411,M,White
04411d14_2.jpg,04411,M,White
04411d15_1.jpg,04411,M,White
04411d15_2.jpg,04411,M,White
04411d18_1.jpg,04411,M,White
04411d18_2.jpg,04411,M,White
04411d19_1.jpg,04411,M,White
04411d19_2.jpg,04411,M,White
04411d26_2.jpg,04411,M,White
04411d26_3.jpg,04411,M,White
04411d27_1.jpg,04411,M,White
04411d27_4.jpg,04411,M,White
04411d28_2.jpg,04411,M,White
04411d29_1.jpg,04411,M,White
04411d29_5.jpg,04411,M,White
04411d29_6.jpg,04411,M,White
04412d06_1.jpg,04412,M,White
04412d06_3.jpg,04412,M,White
04412d07_1.jpg,04412,M,White
04412d07_2.jpg,04412,M,White
04412d20_1.jpg,04412,M,White
04412d20_2.jpg,04412,M,White
04412d24_1.jpg,04412,M,White
04412d24_2.jpg,04412,M,White
04412d24_4.jpg,04412,M,White
04412d25_2.jpg,04412,M,White
04412d32_1.jpg,04412,M,White
04412d32_3.jpg,04412,M,White
04412d33_1.jpg,04412,M,White
04412d36_1.jpg,04412,M,White
04412d36_2.jpg,04412,M,White
04412d37_1.jpg,04412,M,White
04412d37_2.jpg,04412,M,White
04414d16_1.jpg,04414,M,Hispanic
04414d16_3.jpg,04414,M,Hispanic
04414d17_1.jpg,04414,M,Hispanic
04414d17_2.jpg,04414,M,Hispanic
04414d20_2.jpg,04414,M,Hispanic
04414d20_3.jpg,04414,M,Hispanic
04414d21_1.jpg,04414,M,Hispanic
04414d21_3.jpg,04414,M,Hispanic
04415d32_3.jpg,04415,F,Asian
04415d33_2.jpg,04415,F,Asian
04415d36_3.jpg,04415,F,Asian
04415d36_4.jpg,04415,F,Asian
04415d37_3.jpg,04415,F,Asian
04415d37_4.jpg,04415,F,Asian
04415d40_3.jpg,04415,F,Asian
04415d41_1.jpg,04415,F,Asian
04415d41_2.jpg,04415,F,Asian
04415d44_3.jpg,04415,F,Asian
04415d44_4.jpg,04415,F,Asian
04415d45_1.jpg,04415,F,Asian
04415d45_2.jpg,04415,F,Asian
04415d48_2.jpg,04415,F,Asian
04415d48_5.jpg,04415,F,Asian
04415d49_1.jpg,04415,F,Asian
04415d49_2.jpg,04415,F,Asian
04415d56_1.jpg,04415,F,Asian
04415d56_2.jpg,04415,F,Asian
04415d57_1.jpg,04415,F,Asian
04415d57_2.jpg,04415,F,Asian
04415d58_1.jpg,04415,F,Asian
04415d59_1.jpg,04415,F,Asian
04415d59_2.jpg,04415,F,Asian
04417d02_1.jpg,04417,M,Asian
04417d02_2.jpg,04417,M,Asian
04417d03_1.jpg,04417,M,Asian
04417d03_2.jpg,04417,M,Asian
04417d05_1.jpg,04417,M,Asian
04417d05_2.jpg,04417,M,Asian
04417d24_1.jpg,04417,M,Asian
04417d24_2.jpg,04417,M,Asian
04417d25_1.jpg,04417,M,Asian
04417d25_2.jpg,04417,M,Asian
04418d18_4.jpg,04418,F,White
04418d18_5.jpg,04418,F,White
04418d19_1.jpg,04418,F,White
04418d19_2.jpg,04418,F,White
04418d32_3.jpg,04418,F,White
04418d32_4.jpg,04418,F,White
04418d33_3.jpg,04418,F,White
04418d33_4.jpg,04418,F,White
04418d42_1.jpg,04418,F,White
04418d42_2.jpg,04418,F,White
04419d04_3.jpg,04419,F,White
04419d04_4.jpg,04419,F,White
04419d05_3.jpg,04419,F,White
04419d05_4.jpg,04419,F,White
04419d15_1.jpg,04419,F,White
04419d15_2.jpg,04419,F,White
04419d22_3.jpg,04419,F,White
04419d22_4.jpg,04419,F,White
04419d23_1.jpg,04419,F,White
04419d23_4.jpg,04419,F,White
04422d02_3.jpg,04422,F,White
04422d02_4.jpg,04422,F,White
04422d12_1.jpg,04422,F,White
04422d12_3.jpg,04422,F,White
04422d13_2.jpg,04422,F,White
04422d13_3.jpg,04422,F,White
04422d26_3.jpg,04422,F,White
04422d26_4.jpg,04422,F,White
04422d27_1.jpg,04422,F,White
04422d27_2.jpg,04422,F,White
04423d26_2.jpg,04423,F,White
04423d26_4.jpg,04423,F,White
04423d27_1.jpg,04423,F,White
04423d27_3.jpg,04423,F,White
04423d36_1.jpg,04423,F,White
04423d36_2.jpg,04423,F,White
04423d37_1.jpg,04423,F,White
04423d37_2.jpg,04423,F,White
04423d40_2.jpg,04423,F,White
04423d41_1.jpg,04423,F,White
04423d44_3.jpg,04423,F,White
04423d44_4.jpg,04423,F,White
04423d45_2.jpg,04423,F,White
04423d45_3.jpg,04423,F,White
04423d48_3.jpg,04423,F,White
04423d48_4.jpg,04423,F,White
04423d49_1.jpg,04423,F,White
04423d49_3.jpg,04423,F,White
04423d56_2.jpg,04423,F,White
04423d56_3.jpg,04423,F,White
04423d57_2.jpg,04423,F,White
04423d57_3.jpg,04423,F,White
04424d30_2.jpg,04424,F,White
04424d30_4.jpg,04424,F,White
04424d31_3.jpg,04424,F,White
04424d31_4.jpg,04424,F,White
04424d34_4.jpg,04424,F,White
04424d35_2.jpg,04424,F,White
04424d35_3.jpg,04424,F,White
04424d38_2.jpg,04424,F,White
04424d38_4.jpg,04424,F,White
04424d39_3.jpg,04424,F,White
04424d39_4.jpg,04424,F,White
04424d42_3.jpg,04424,F,White
04424d43_2.jpg,04424,F,White
04424d43_3.jpg,04424,F,White
04424d50_1.jpg,04424,F,White
04424d50_4.jpg,04424,F,White
04424d51_1.jpg,04424,F,White
04424d51_4.jpg,04424,F,White
04425d06_2.jpg,04425,F,Asian
04425d06_3.jpg,04425,F,Asian
04425d07_1.jpg,04425,F,Asian
04425d07_3.jpg,04425,F,Asian
04427d02_7.jpg,04427,F,White
04427d03_3.jpg,04427,F,White
04427d03_4.jpg,04427,F,White
04427d04_2.jpg,04427,F,White
04427d04_3.jpg,04427,F,White
04428d26_4.jpg,04428,M,Asian
04428d26_5.jpg,04428,M,Asian
04428d27_3.jpg,04428,M,Asian
04428d27_4.jpg,04428,M,Asian
04428d28_1.jpg,04428,M,Asian
04428d28_2.jpg,04428,M,Asian
04428d36_3.jpg,04428,M,Asian
04428d36_4.jpg,04428,M,Asian
04428d37_3.jpg,04428,M,Asian
04428d37_6.jpg,04428,M,Asian
04428d37_7.jpg,04428,M,Asian
04428d41_3.jpg,04428,M,Asian
04428d41_4.jpg,04428,M,Asian
04428d50_4.jpg,04428,M,Asian
04428d52_4.jpg,04428,M,Asian
04428d52_5.jpg,04428,M,Asian
04428d53_2.jpg,04428,M,Asian
04428d53_4.jpg,04428,M,Asian
04429d32_2.jpg,04429,F,Asian
04429d32_4.jpg,04429,F,Asian
04429d33_3.jpg,04429,F,Asian
04429d33_4.jpg,04429,F,Asian
04429d35_3.jpg,04429,F,Asian
04429d35_4.jpg,04429,F,Asian
04430d02_3.jpg,04430,F,Asian
04430d02_4.jpg,04430,F,Asian
04430d03_3.jpg,04430,F,Asian
04430d03_4.jpg,04430,F,Asian
04430d04_1.jpg,04430,F,Asian
04430d04_2.jpg,04430,F,Asian
04430d05_1.jpg,04430,F,Asian
04430d05_2.jpg,04430,F,Asian
04430d16_1.jpg,04430,F,Asian
04430d16_2.jpg,04430,F,Asian
04430d17_1.jpg,04430,F,Asian
04430d17_2.jpg,04430,F,Asian
